loc_id,lat,lon,housing_class,tiv_kes,synthetic,source,hazard_score_common,hazard_score_occasional,hazard_score_moderate,hazard_score_severe,hazard_score_extreme
KSM-0001,-0.091702,34.767956,semi_permanent,4200000,True,demo kisumu test portfolio,0.41,0.33,0.22,0.14,0.06
KSM-0002,-0.102100,34.751200,informal_iron_sheet,980000,True,demo kisumu test portfolio,0.55,0.48,0.36,0.25,0.12
KSM-0003,-0.085400,34.780100,permanent_masonry,18500000,True,demo kisumu test portfolio,0.18,0.11,0.05,0.02,0.0
KSM-0004,-0.118800,34.742500,semi_permanent,6100000,True,demo kisumu test portfolio,0.62,0.54,0.41,0.29,0.15
KSM-0005,-0.074200,34.768900,concrete_rcc,42000000,True,demo kisumu test portfolio,0.12,0.07,0.03,0.01,0.0
KSM-0006,-0.095600,34.755800,informal_iron_sheet,1250000,True,demo kisumu test portfolio,0.48,0.39,0.28,0.18,0.08
KSM-0007,-0.110200,34.771400,semi_permanent,7800000,True,demo kisumu test portfolio,0.35,0.27,0.18,0.10,0.04
KSM-0008,-0.088900,34.739600,permanent_masonry,22100000,True,demo kisumu test portfolio,0.22,0.15,0.08,0.03,0.0
KSM-0009,-0.126500,34.760200,informal_iron_sheet,740000,True,demo kisumu test portfolio,0.71,0.63,0.49,0.34,0.19
KSM-0010,-0.069800,34.752100,semi_permanent,5400000,True,demo kisumu test portfolio,0.29,0.21,0.12,0.06,0.02
KSM-0011,-0.101500,34.785600,permanent_masonry,15300000,True,demo kisumu test portfolio,0.16,0.09,0.04,0.01,0.0
KSM-0012,-0.113400,34.748800,semi_permanent,3900000,True,demo kisumu test portfolio,0.44,0.36,0.25,0.16,0.07
